,id,favorite_count,retweet_count
0,892420643555336193,34860,7315
1,892177421306343426,30194,5465
2,891815181378084864,22732,3604
3,891689557279858688,38132,7505
4,891327558926688256,36396,8057
5,891087950875897856,18366,2703
6,890971913173991426,10689,1745
7,890729181411237888,58727,16410
8,890609185150312448,25280,3754
9,890240255349198849,28829,6340
10,890006608113172480,27830,6379
11,889880896479866881,25293,4325
12,889665388333682689,43407,8679
13,889638837579907072,24397,3874
14,889531135344209921,13750,1955
15,889278841981685760,22796,4619
16,888917238123831296,26381,3888
17,888804989199671297,23154,3685
18,888554962724278272,17855,2991
19,888078434458587136,19750,3018
20,887705289381826560,27450,4692
21,887517139158093824,41985,10219
22,887473957103951883,62112,15610
23,887343217045368832,30473,9156
24,887101392804085760,27786,5184
25,886983233522544640,31462,6633
26,886736880519319552,10815,2753
27,886680336477933568,20364,3890
28,886366144734445568,19123,2745
29,886267009285017600,106,3
30,886258384151887873,25325,5489
31,886054160059072513,0,96
32,885984800019947520,29504,5834
33,885528943205470208,32556,5551
34,885518971528720385,18556,3241
35,885311592912609280,0,16037
36,885167619883638784,19818,3798
37,884925521741709313,69565,15658
38,884876753390489601,25189,4850
39,884562892145688576,22002,4075
40,884441805382717440,24584,4954
41,884247878851493888,65522,17618
42,884162670584377345,18494,2598
43,883838122936631299,19779,2972
44,883482846933004288,41486,8592
45,883360690899218434,20551,3197
46,883117836046086144,33575,5759
47,882992080364220416,21645,3363
48,882762694511734784,25578,4251
49,882627270321602560,25389,5269
50,882268110199369728,40493,10060
51,882045870035918850,26545,4229
52,881906580714921986,22092,2960
53,881666595344535552,45935,9281
54,881633300179243008,113,8
55,881536004380872706,44812,13923
56,881268444196462592,21113,4628
57,880935762899988482,15512,2432
58,880872448815771648,19310,3323
59,880465832366813184,25763,5414
60,880221127280381952,24427,3611
61,880095782870896641,25055,3778
62,879862464715927552,20305,3035
63,879674319642796034,286,10
64,879492040517615616,21327,2755
65,879415818425184262,95794,38864
66,879376492567855104,15294,2734
67,879130579576475649,0,5946
68,879050749262655488,20451,4104
69,879008229531029506,17266,2336
70,878776093423087618,17621,3580
71,878604707211726852,27269,6163
72,878404777348136964,0,1113
73,878316110768087041,0,5758
74,878281511006478336,7004,1113
75,878057613040115712,38226,5944
76,877736472329191424,71659,16476
77,877611172832227328,0,71
78,877556246731214848,20580,3297
79,877316821321428993,24920,4544
80,877201837425926144,24581,4842
81,876838120628539392,18801,2914
82,876537666061221889,21638,4116
83,876484053909872640,17067,2071
84,876120275196170240,25442,4066
85,875747767867523072,22856,3733
86,875144289856114688,19943,4283
87,875097192612077568,24991,5322
88,875021211251597312,23234,4127
89,874680097055178752,25313,4070
90,874434818259525634,0,12699
91,874296783580663808,23739,3628
92,874057562936811520,20712,3496
93,874012996292530176,31086,8943
94,873580283840344065,22092,3453
95,873337748698140672,0,1385
96,873213775632977920,6529,1385
97,872967104147763200,24821,4740
98,872820683541237760,13456,3267
99,872620804844003328,18909,3197
100,872486979161796608,37192,7994
101,872122724285648897,31224,7124
102,871879754684805121,34224,9616
103,871762521631449091,18456,3067
104,871515927908634625,18423,3056
105,871166179821445120,0,5042
106,871102520638267392,19117,4861
107,871032628920680449,20785,3356
108,870804317367881728,30735,5455
109,870726314365509632,110,3
110,870656317836468226,11227,2293
111,870374049280663552,76197,23568
112,870308999962521604,20065,3665
113,870063196459192321,33383,7335
114,869772420881756160,39076,8998
115,869702957897576449,25813,5568
116,869596645499047938,14644,2747
117,869227993411051520,18702,3333
118,868880397819494401,59819,12755
119,868639477480148993,0,1818
120,868622495443632128,24370,4676
121,868552278524837888,9259,1818
122,867900495410671616,22229,3717
123,867774946302451713,31182,6505
124,867421006826221569,14759,2209
125,867072653475098625,0,106
126,867051520902168576,29570,7028
127,866720684873056260,18368,4280
128,866686824827068416,17675,3077
129,866450705531457537,112283,31459
130,866334964761202691,48077,12699
131,866094527597207552,0,7459
132,865718153858494464,23665,5031
133,865359393868664832,24350,4470
134,865006731092295680,25818,6917
135,864873206498414592,29686,7771
136,864279568663928832,13475,2694
137,864197398364647424,27568,7891
138,863907417377173506,19041,3717
139,863553081350529029,14075,3770
140,863471782782697472,0,2162
141,863432100342583297,21959,4719
142,863427515083354112,2022,84
143,863079547188785154,8123,994
144,863062471531167744,7772,2162
145,862831371563274240,17729,4618
146,862722525377298433,15827,3204
147,862457590147678208,18860,4418
148,862096992088072192,68460,20816
149,861383897657036800,33343,9657
150,861288531465048066,15867,3724
151,861005113778896900,15470,3454
152,860981674716409858,0,1927
153,860924035999428608,0,706
154,860563773140209665,6942,1927
155,860524505164394496,21934,4777
156,860276583193509888,17099,3180
157,860184849394610176,15446,5309
158,860177593139703809,0,27895
159,859924526012018688,18220,3709
160,859851578198683649,14373,3192
161,859607811541651456,17339,1404
162,859196978902773760,83280,27326
163,859074603037188101,31410,12405
164,858860390427611136,0,7372
165,858843525470990336,14543,3153
166,858471635011153920,20110,4429
167,858107933456039936,14677,2629
168,857989990357356544,14964,2351
169,857746408056729600,31852,9705
170,857393404942143489,5490,1494
171,857263160327368704,18780,4131
172,857214891891077121,210,16
173,857062103051644929,0,154
174,857029823797047296,17604,3638
175,856543823941562368,15316,2644
176,856526610513747968,11139,1723
177,856330835276025856,0,614
178,856288084350160898,486,15
179,856282028240666624,25993,5778
180,855862651834028034,313,22
181,855860136149123072,4586,891
182,855857698524602368,11157,1938
183,855851453814013952,43133,16673
184,855818117272018944,25027,4999
185,855459453768019968,27959,7566
186,855245323840757760,0,5491
187,855138241867124737,0,39
188,854732716440526848,21381,5589
189,854482394044301312,27458,6285
190,854365224396361728,17758,4328
191,854120357044912130,30119,6893
192,854010172552949760,15315,2914
193,853760880890318849,26935,5332
194,853639147608842240,32650,9259
195,853299958564483072,14632,3292
196,852936405516943360,0,1852
197,852912242202992640,8512,1672
198,852672615818899456,14113,2010
199,852553447878664193,15400,3239
200,852311364735569921,31338,9235
201,852226086759018497,18903,6351
202,852189679701164033,10886,1475
203,851861385021730816,0,19
204,851591660324737024,15446,3248
205,851464819735769094,23022,6572
206,851224888060895234,19658,5373
207,850753642995093505,29151,8443
208,850380195714523136,12462,2429
209,850333567704068097,3287,307
210,850145622816686080,15507,3532
211,850019790995546112,19404,4553
212,849776966551130114,28865,7098
213,849668094696017920,0,4644
214,849412302885593088,15135,2948
215,849336543269576704,10876,1765
216,849051919805034497,40325,7935
217,848690551926992896,24041,4062
218,848324959059550208,23592,4339
219,848213670039564288,7794,674
220,848212111729840128,15560,2828
221,847978865427394560,0,3050
222,847971574464610304,0,413
223,847962785489326080,22450,4770
224,847842811428974592,5177,1238
225,847617282490613760,6677,388
226,847606175596138505,17932,3218
227,847251039262605312,19586,4078
228,847157206088847362,18951,5484
229,847116187444137987,20513,2995
230,846874817362120707,19215,3691
231,846514051647705089,42567,10848
232,846505985330044928,13508,2888
233,846153765933735936,30134,8513
234,846139713627017216,29708,9519
235,846042936437604353,15304,2693
236,845812042753855489,27965,8186
237,845677943972139009,24156,4543
238,845397057150107648,7316,1678
239,845306882940190720,22352,5060
240,845098359547420673,0,7205
241,844979544864018432,13088,2403
242,844973813909606400,14404,2981
243,844580511645339650,15781,2931
244,844223788422217728,13112,2066
245,843981021012017153,14585,2800
246,843856843873095681,20619,4349
247,843604394117681152,16214,2579
248,843235543001513987,20629,5657
249,842846295480000512,14690,3443
250,842765311967449089,6474,1203
251,842535590457499648,17431,3318
252,842163532590374912,23474,5491
253,842115215311396866,13449,2867
254,841833993020538882,0,14184
255,841680585030541313,24815,7428
256,841439858740625411,12135,3462
257,841320156043304961,19054,5231
258,841314665196081154,15247,4395
259,841077006473256960,22013,5042
260,840761248237133825,0,1670
261,840728873075638272,0,15190
262,840698636975636481,172,2
263,840696689258311684,11840,918
264,840632337062862849,8686,1670
265,840370681858686976,15831,4322
266,840268004936019968,18537,5441
267,839990271299457024,12945,2155
268,839549326359670784,26412,7372
269,839290600511926273,0,137
270,839239871831150596,26107,6187
271,838952994649550848,18960,3816
272,838921590096166913,10749,1942
273,838916489579200512,0,32
274,838831947270979586,0,10469
275,838561493054533637,10589,1268
276,838476387338051585,21689,4522
277,838201503651401729,0,9558
278,838150277551247360,1605,316
279,838085839343206401,135,1
280,838083903487373313,17026,2962
281,837820167694528512,32887,7460
282,837482249356513284,3736,424
283,837471256429613056,12373,2146
284,837110210464448512,15526,2254
285,836989968035819520,12341,2194
286,836753516572119041,18725,4417
287,836677758902222849,12215,2116
288,836648853927522308,0,527
289,836397794269200385,0,26217
290,836380477523124226,14319,2859
291,836260088725786625,20630,4123
292,836001077879255040,18456,4070
293,835685285446955009,0,7761
294,835574547218894849,17230,3444
295,835536468978302976,0,1611
296,835309094223372289,0,19971
297,835297930240217089,15948,2848
298,835264098648616962,7473,1611
299,835246439529840640,2037,68
300,835172783151792128,25323,5499
301,835152434251116546,21668,2864
302,834931633769889797,10436,1545
303,834786237630337024,20798,5290
304,834574053763584002,13217,2408
305,834477809192075265,0,10161
306,834458053273591808,9322,1600
307,834209720923721728,19905,4528
308,834167344700198914,15345,3510
309,834089966724603904,9726,2045
310,834086379323871233,12659,2110
311,833863086058651648,13034,2301
312,833826103416520705,17583,3600
313,833732339549220864,0,211
314,833722901757046785,20264,3104
315,833479644947025920,14430,1951
316,833124694597443584,19612,4644
317,832998151111966721,12866,2108
318,832769181346996225,0,38
319,832757312314028032,16367,3468
320,832682457690300417,11521,2795
321,832645525019123713,2840,511
322,832636094638288896,15409,2663
323,832397543355072512,11617,2120
324,832369877331693569,16661,3050
325,832273440279240704,11015,2238
326,832215909146226688,0,5971
327,832215726631055365,0,8941
328,832088576586297345,61,2
329,832040443403784192,0,9186
330,832032802820481025,17329,4470
331,831939777352105988,23261,5881
332,831926988323639298,325,34
333,831911600680497154,26726,6233
334,831670449226514432,10132,1743
335,831650051525054464,6916,1852
336,831552930092285952,8721,2243
337,831322785565769729,9022,1489
338,831315979191906304,6339,1070
339,831309418084069378,11436,2365
340,831262627380748289,11543,1967
341,830956169170665475,7743,1430
342,830583320585068544,64708,16037
343,830173239259324417,0,5452
344,830097400375152640,9474,2811
345,829878982036299777,0,4800
346,829861396166877184,11922,1860
347,829501995190984704,30825,10161
348,829449946868879360,10175,1933
349,829141528400556032,23660,7042
350,829011960981237760,51843,15740
351,828801551087042563,0,3283
352,828770345708580865,24859,5625
353,828708714936930305,35466,10760
354,828650029636317184,9255,1290
355,828409743546925057,6190,1115
356,828408677031882754,7483,1238
357,828381636999917570,12261,2143
358,828376505180889089,7196,1031
359,828372645993398273,12245,2818
360,828361771580813312,2121,170
361,828046555563323392,11429,2756
362,828011680017821696,10084,2079
363,827933404142436356,19507,5045
364,827653905312006145,15079,2909
365,827600520311402496,7280,902
366,827324948884643840,15408,2914
367,827199976799354881,10301,2136
368,826958653328592898,20972,4800
369,826848821049180160,35193,9749
370,826615380357632002,0,3832
371,826598799820865537,4995,239
372,826598365270007810,9741,2263
373,826476773533745153,17913,4038
374,826240494070030336,12929,2515
375,826204788643753985,4748,883
376,826115272272650244,15227,2993
377,825876512159186944,10213,1792
378,825829644528148480,12415,2416
379,825535076884762624,55598,16961
380,825147591692263424,17816,4366
381,825120256414846976,0,1204
382,825026590719483904,6100,1204
383,824796380199809024,0,5315
384,824775126675836928,14543,3379
385,824663926340194305,10248,1705
386,824325613288833024,11522,10233
387,824297048279236611,14674,3713
388,824025158776213504,4709,581
389,823939628516474880,10379,2627
390,823719002937630720,0,10771
391,823699002998870016,13620,2435
392,823581115634085888,12686,2529
393,823333489516937216,689,22
394,823322678127919110,15319,3869
395,823269594223824897,0,9556
396,822975315408461824,16903,3327
397,822872901745569793,128180,41621
398,822859134160621569,12896,2190
399,822647212903690241,0,6178
400,822610361945911296,14437,2834
401,822489057087389700,17691,6178
402,822462944365645825,27204,13756
403,822244816520155136,34120,9556
404,822163064745328640,0,4576
405,821886076407029760,11035,2232
406,821813639212650496,0,3248
407,821765923262631936,8188,1610
408,821522889702862852,7836,1690
409,821421320206483457,0,5373
410,821407182352777218,11452,4170
411,821153421864615936,244,10
412,821149554670182400,8400,1889
413,821107785811234820,9363,2060
414,821044531881721856,12362,2203
415,820837357901512704,0,6486
416,820749716845686786,30815,9557
417,820690176645140481,11960,3124
418,820494788566847489,0,544
419,820446719150292993,0,2476
420,820314633777061888,3269,544
421,820078625395449857,19313,6074
422,820013781606658049,0,1133
423,819952236453363712,5191,1133
424,819924195358416896,12632,4716
425,819711362133872643,13054,3006
426,819588359383371776,9429,1936
427,819347104292290561,7058,1171
428,819238181065359361,2204,395
429,819227688460238848,22508,6486
430,819015337530290176,0,35870
431,819015331746349057,0,18454
432,819006400881917954,44356,18454
433,819004803107983360,85176,35870
434,818646164899774465,0,20263
435,818627210458333184,21900,7324
436,818614493328580609,9606,2446
437,818588835076603904,0,5923
438,818536468981415936,10609,2371
439,818307523543449600,0,7800
440,818259473185828864,10747,2180
441,818145370475810820,12000,2470
442,817908911860748288,4749,767
443,817827839487737858,50332,26217
444,817777686764523521,10524,2602
445,817536400337801217,11509,2847
446,817502432452313088,0,3283
447,817423860136083457,32958,14184
448,817415592588222464,5471,922
449,817181837579653120,0,8174
450,817171292965273600,8578,1961
451,817120970343411712,11933,2518
452,817056546584727552,8402,1591
453,816829038950027264,0,4560
454,816816676327063552,9780,1966
455,816697700272001025,9561,2130
456,816450570814898180,29690,7800
457,816336735214911488,8416,1884
458,816091915477250048,8746,2067
459,816062466425819140,0,985
460,816014286006976512,0,5086
461,815990720817401858,4839,985
462,815966073409433600,21880,8174
463,815745968457060357,0,4008
464,815736392542261248,9638,2204
465,815639385530101762,8058,1601
466,815390420867969024,10139,3694
467,814986499976527872,7494,1235
468,814638523311648768,11045,2626
469,814578408554463233,0,5664
470,814530161257443328,8462,1813
471,814153002265309185,28121,8408
472,813944609378369540,0,3093
473,813910438903693312,9125,1806
474,813812741911748608,35726,13568
475,813800681631023104,8150,1710
476,813217897535406080,18236,7098
477,813202720496779264,9063,1771
478,813187593374461952,19445,4221
479,813172488309972993,9089,1877
480,813157409116065792,7603,2139
481,813142292504645637,8336,2326
482,813130366689148928,4405,432
483,813127251579564032,11573,3024
484,813112105746448384,10106,2661
485,813096984823349248,10361,3526
486,813081950185472002,9713,2709
487,813066809284972545,7782,1897
488,813051746834595840,20543,7154
489,812781120811126785,7389,1852
490,812709060537683968,6497,1404
491,812503143955202048,5942,1189
492,812466873996607488,7819,1871
493,812372279581671427,13380,3562
494,811985624773361665,7133,1365
495,811744202451197953,7396,1545
496,811647686436880384,5493,718
497,811627233043480576,12482,2977
498,811386762094317568,20518,6214
499,810984652412424192,5210,1390
500,810896069567610880,8830,1712
501,810657578271330305,10754,2559
502,810284430598270976,34462,10932
503,810254108431155201,14428,3283
504,809920764300447744,15279,3833
505,809808892968534016,0,4762
506,809448704142938112,6824,1421
507,809220051211603969,19520,5452
508,809084759137812480,12981,3436
509,808838249661788160,9932,2965
510,808733504066486276,7751,2108
511,808501579447930884,11103,2542
512,808344865868283904,41647,20263
513,808134635716833280,0,5752
514,808106460588765185,8652,2149
515,808001312164028416,12294,3453
516,807621403335917568,14319,3519
517,807106840509214720,115713,53843
518,807059379405148160,0,7150
519,807010152071229440,12890,3773
520,806629075125202948,73113,33695
521,806620845233815552,0,5376
522,806576416489959424,4805,1909
523,806542213899489280,10032,2297
524,806242860592926720,0,11319
525,806219024703037440,6345,1168
526,805958939288408065,0,5220
527,805932879469572096,8157,1881
528,805826884734976000,6457,1777
529,805823200554876929,0,7794
530,805520635690676224,5648,1619
531,805487436403003392,8657,2471
532,805207613751304193,7708,1679
533,804738756058218496,13447,3730
534,804475857670639616,6033,1966
535,804413760345620481,0,3146
536,804026241225523202,43570,15689
537,803773340896923648,9881,2678
538,803692223237865472,0,7245
539,803638050916102144,10747,4049
540,803380650405482500,7633,1833
541,803321560782307329,0,5175
542,803276597545603072,9852,2397
543,802952499103731712,8872,1951
544,802624713319034886,0,2829
545,802600418706604034,6984,1422
546,802572683846291456,8806,2452
547,802323869084381190,15898,5705
548,802265048156610565,6826,1345
549,802239329049477120,8938,2557
550,802185808107208704,0,268
551,801958328846974976,7626,1670
552,801854953262350336,1769,233
553,801538201127157760,8085,2019
554,801285448605831168,5932,801
555,801167903437357056,23982,5752
556,801127390143516673,0,3858
557,801115127852503040,7934,2051
558,800859414831898624,676,96
559,800855607700029440,0,1566
560,800751577355128832,10393,2727
561,800513324630806528,12923,2924
562,800459316964663297,9335,2127
563,800443802682937345,0,4192
564,800388270626521089,10968,2740
565,800188575492947969,0,3839
566,800141422401830912,14996,2476
567,800018252395122689,27811,12809
568,799774291445383169,0,4542
569,799757965289017345,8242,2099
570,799422933579902976,7934,1879
571,799308762079035393,0,5315
572,799297110730567681,9701,2683
573,799063482566066176,7949,2424
574,798933969379225600,12830,4352
575,798925684722855936,7388,1410
576,798705661114773508,0,6483
577,798701998996647937,0,7568
578,798697898615730177,0,6364
579,798694562394996736,0,4843
580,798686750113755136,0,2270
581,798682547630837760,0,4627
582,798673117451325440,0,5437
583,798665375516884993,0,3820
584,798644042770751489,0,1805
585,798628517273620480,0,1932
586,798585098161549313,0,5526
587,798576900688019456,0,5703
588,798340744599797760,0,3253
589,798209839306514432,10240,2497
590,797971864723324932,11367,3029
591,797545162159308800,14305,4763
592,797236660651966464,19568,6406
593,797165961484890113,222,26
594,796904159865868288,0,8711
595,796865951799083009,7550,1887
596,796759840936919040,11591,2958
597,796563435802726400,0,7040
598,796484825502875648,7432,1714
599,796387464403357696,10809,4049
600,796177847564038144,0,13922
601,796149749086875649,31642,13922
602,796125600683540480,4888,1756
603,796116448414461957,8925,2344
604,796080075804475393,8302,2250
605,796031486298386433,10616,3636
606,795464331001561088,48558,22940
607,795400264262053889,9851,2790
608,795076730285391872,15891,5316
609,794983741416415232,0,3283
610,794926597468000259,10047,2257
611,794355576146903043,0,10035
612,794332329137291264,9441,2616
613,794205286408003585,9078,3244
614,793962221541933056,16515,4762
615,793845145112371200,9069,1811
616,793614319594401792,0,3052
617,793601777308463104,7843,1575
618,793500921481273345,10485,2320
619,793286476301799424,24135,8941
620,793271401113350145,8550,2340
621,793256262322548741,19617,8134
622,793241302385262592,10330,3218
623,793226087023144960,9621,2807
624,793210959003287553,8760,2726
625,793195938047070209,14972,5487
626,793180763617361921,6818,1944
627,793165685325201412,9222,2716
628,793150605191548928,6069,1657
629,793135492858580992,6288,2448
630,793120401413079041,12424,3814
631,792913359805018113,14034,3875
632,792883833364439040,11090,4156
633,792773781206999040,7225,1641
634,792394556390137856,13160,4191
635,792050063153438720,6999,1738
636,791821351946420224,0,20572
637,791784077045166082,0,9306
638,791780927877898241,0,3721
639,791774931465953280,44234,21612
640,791672322847637504,11541,3053
641,791406955684368384,12913,4008
642,791312159183634433,8602,2464
643,791026214425268224,0,3981
644,790987426131050500,9624,2074
645,790946055508652032,16371,4560
646,790723298204217344,0,2252
647,790698755171364864,8057,1875
648,790581949425475584,20254,6919
649,790337589677002753,7687,1846
650,790277117346975746,12322,3094
651,790227638568808452,0,3464
652,789986466051088384,9084,2252
653,789960241177853952,0,3993
654,789903600034189313,10143,4034
655,789628658055020548,7337,1721
656,789599242079838210,6614,1875
657,789530877013393408,11500,3283
658,789314372632018944,8467,2229
659,789280767834746880,0,4788
660,789268448748703744,8944,2552
661,789137962068021249,9524,2709
662,788908386943430656,26906,12154
663,788765914992902144,26802,10035
664,788552643979468800,0,6953
665,788412144018661376,15228,5127
666,788178268662984705,7099,2044
667,788150585577050112,5997,1247
668,788070120937619456,0,3351
669,788039637453406209,6009,1278
670,787810552592695296,8447,2970
671,787717603741622272,10060,2700
672,787397959788929025,10681,2778
673,787322443945877504,7638,1694
674,787111942498508800,0,6565
675,786963064373534720,26112,7761
676,786729988674449408,0,2373
677,786709082849828864,17918,5971
678,786664955043049472,10368,2465
679,786595970293370880,9288,3048
680,786363235746385920,10665,3372
681,786286427768250368,7806,2754
682,786233965241827333,14934,4576
683,786051337297522688,1396,153
684,786036967502913536,0,6784
685,785927819176054784,11162,3099
686,785872687017132033,6566,1750
687,785639753186217984,7706,2179
688,785533386513321988,8889,1931
689,785515384317313025,5995,1218
690,785264754247995392,7113,1585
691,785170936622350336,11768,4698
692,784826020293709826,9893,3146
693,784517518371221505,8800,2454
694,784431430411685888,5610,1234
695,784183165795655680,19630,7794
696,784057939640352768,29096,10771
697,783839966405230592,29325,10469
698,783821107061198850,7210,1903
699,783695101801398276,10233,3112
700,783466772167098368,8261,2165
701,783391753726550016,16522,5307
702,783347506784731136,0,5371
703,783334639985389568,28440,11319
704,783085703974514689,7975,2124
705,782969140009107456,23599,7150
706,782747134529531904,7306,1368
707,782722598790725632,16868,5220
708,782598640137187329,7630,1824
709,782305867769217024,16263,5373
710,782021823840026624,0,5993
711,781955203444699136,10902,3258
712,781661882474196992,10193,2630
713,781655249211752448,3909,1099
714,781524693396357120,20279,5377
715,781308096455073793,6987,2477
716,781251288990355457,8210,2007
717,781163403222056960,9578,2671
718,780931614150983680,21139,7040
719,780858289093574656,7036,1946
720,780800785462489090,5352,1253
721,780601303617732608,11820,3248
722,780543529827336192,6148,1693
723,780496263422808064,0,3550
724,780476555013349377,0,109
725,780459368902959104,5171,1038
726,780192070812196864,8493,2170
727,780092040432480260,0,2222
728,780074436359819264,11826,4782
729,779834332596887552,18397,6784
730,779377524342161408,8549,3004
731,779124354206535695,0,17688
732,779056095788752897,14395,4373
733,778990705243029504,19441,6941
734,778774459159379968,0,9551
735,778764940568104960,841,352
736,778748913645780993,6700,1262
737,778650543019483137,5611,1445
738,778624900596654080,4489,975
739,778408200802557953,13286,4163
740,778396591732486144,0,11792
741,778383385161035776,5668,1059
742,778286810187399168,10115,3190
743,778039087836069888,8272,2557
744,778027034220126208,6385,1548
745,777953400541634568,0,3397
746,777885040357281792,6197,1573
747,777684233540206592,10953,2829
748,777641927919427584,0,4082
749,777621514455814149,8510,2427
750,777189768882946048,13850,4167
751,776819012571455488,0,13216
752,776813020089548800,4764,1161
753,776477788987613185,8576,2673
754,776249906839351296,0,8804
755,776218204058357768,29052,15294
756,776201521193218049,9320,2431
757,776113305656188928,11477,4192
758,776088319444877312,1785,146
759,775898661951791106,0,16179
760,775842724423557120,11397,2566
761,775733305207554048,13529,3858
762,775729183532220416,12661,4450
763,775364825476165632,7188,2846
764,775350846108426240,9884,3767
765,775085132600442880,15125,4542
766,774757898236878852,8387,1723
767,774639387460112384,6564,1669
768,774314403806253056,21199,5315
769,773985732834758656,10467,3724
770,773922284943896577,6236,1683
771,773704687002451968,6433,1556
772,773670353721753600,5209,1262
773,773547596996571136,21511,5923
774,773336787167145985,0,4863
775,773308824254029826,22707,7205
776,773247561583001600,9202,3145
777,773191612633579521,9730,3994
778,772877495989305348,8319,3737
779,772826264096874500,7822,2280
780,772615324260794368,0,3262
781,772581559778025472,6319,1646
782,772193107915964416,5851,1334
783,772152991789019136,3704,1096
784,772117678702071809,3663,715
785,772114945936949249,2660,457
786,772102971039580160,3891,901
787,771908950375665664,6373,1813
788,771770456517009408,11669,3253
789,771500966810099713,8041,2514
790,771380798096281600,10217,4863
791,771171053431250945,0,7164
792,771136648247640064,8900,2818
793,771102124360998913,6053,1380
794,771014301343748096,6707,1594
795,770787852854652928,4798,1156
796,770772759874076672,5043,1366
797,770655142660169732,7153,1724
798,770414278348247044,6148,2013
799,770293558247038976,6040,1411
800,770093767776997377,0,2929
801,770069151037685760,7369,2209
802,769940425801170949,30343,9186
803,769695466921623552,6241,1623
804,769335591808995329,0,7449
805,769212283578875904,5245,1654
806,768970937022709760,13874,6254
807,768909767477751808,0,2574
808,768855141948723200,4067,858
809,768609597686943744,3988,1152
810,768596291618299904,4894,1234
811,768554158521745409,0,5612
812,768473857036525572,13227,3285
813,768193404517830656,10554,3397
814,767884188863397888,4619,1324
815,767754930266464257,15534,5175
816,767500508068192258,7288,2255
817,767191397493538821,11932,3617
818,767122157629476866,9892,2752
819,766864461642756096,0,5395
820,766793450729734144,4895,1309
821,766714921925144576,2533,362
822,766693177336135680,3899,769
823,766423258543644672,5824,1521
824,766313316352462849,6577,1812
825,766078092750233600,0,2520
826,766069199026450432,4097,813
827,766008592277377025,3650,479
828,765719909049503744,7028,2082
829,765669560888528897,5037,1186
830,765395769549590528,25931,3260
831,765371061932261376,6865,2088
832,765222098633691136,11295,3262
833,764857477905154048,6266,1718
834,764259802650378240,5835,1444
835,763956972077010945,742,51
836,763837565564780549,12175,3981
837,763183847194451968,5202,1417
838,763167063695355904,0,2893
839,763103485927849985,7149,2215
840,762699858130116608,11752,3463
841,762471784394268675,10878,6161
842,762464539388485633,9977,3993
843,762316489655476224,4641,1071
844,762035686371364864,30835,14895
845,761976711479193600,5239,1913
846,761750502866649088,0,3754
847,761745352076779520,4146,832
848,761672994376806400,47834,27895
849,761599872357261312,3998,1144
850,761371037149827077,0,17351
851,761334018830917632,5019,1403
852,761292947749015552,4347,1050
853,761227390836215808,5175,1509
854,761004547850530816,10999,3351
855,760893934457552897,3697,930
856,760656994973933572,6378,1831
857,760641137271070720,4820,1241
858,760539183865880579,7325,3479
859,760521673607086080,4069,1337
860,760290219849637889,25936,11012
861,760252756032651264,3818,836
862,760190180481531904,5520,1723
863,760153949710192640,0,30
864,759943073749200896,5752,2002
865,759923798737051648,14200,5395
866,759846353224826880,6510,1893
867,759793422261743616,5768,1832
868,759557299618865152,4537,1147
869,759447681597108224,8229,2372
870,759446261539934208,1617,467
871,759197388317847553,5902,1867
872,759159934323924993,0,1114
873,759099523532779520,14045,3977
874,759047813560868866,6271,1922
875,758854675097526272,3436,870
876,758828659922702336,10847,3690
877,758740312047005698,5558,1553
878,758474966123810816,3672,954
879,758467244762497024,4640,2119
880,758405701903519748,5034,1832
881,758355060040593408,3262,1018
882,758099635764359168,18384,9551
883,758041019896193024,2616,355
884,757741869644341248,6637,3137
885,757729163776290825,0,7571
886,757725642876129280,4398,1162
887,757611664640446465,4422,1049
888,757597904299253760,0,288
889,757596066325864448,4202,1012
890,757400162377592832,14623,6553
891,757393109802180609,5621,1662
892,757354760399941633,4362,1360
893,756998049151549440,6063,1904
894,756939218950160384,6425,1915
895,756651752796094464,4871,1242
896,756526248105566208,10046,3442
897,756303284449767430,3808,1060
898,756288534030475264,42599,16980
899,756275833623502848,6167,1465
900,755955933503782912,7062,2746
901,755206590534418437,15882,5118
902,755110668769038337,20455,10623
903,754874841593970688,0,7567
904,754856583969079297,6666,2400
905,754747087846248448,2498,498
906,754482103782404096,5108,1872
907,754449512966619136,3613,699
908,754120377874386944,7618,2252
909,753655901052166144,5634,2083
910,753420520834629632,7596,3398
911,753398408988139520,5536,1818
912,753375668877008896,7376,2222
913,753298634498793472,0,5437
914,753294487569522689,3241,998
915,753039830821511168,35794,19971
916,753026973505581056,3786,913
917,752932432744185856,12169,6565
918,752917284578922496,6711,1503
919,752701944171524096,0,2744
920,752682090207055872,5804,1524
921,752660715232722944,4217,1495
922,752568224206688256,5299,2176
923,752519690950500352,7104,3290
924,752334515931054080,3684,1055
925,752309394570878976,0,15502
926,752173152931807232,5747,1749
927,751950017322246144,2951,872
928,751937170840121344,4989,1256
929,751830394383790080,5612,1864
930,751793661361422336,5594,2763
931,751598357617971201,7683,2923
932,751583847268179968,4235,1050
933,751538714308972544,4863,1199
934,751456908746354688,3103,959
935,751251247299190784,12090,5605
936,751205363882532864,6093,1730
937,751132876104687617,4882,1243
938,750868782890057730,4611,1303
939,750719632563142656,12691,4788
940,750506206503038976,4281,1096
941,750429297815552001,12716,4082
942,750383411068534784,4391,1092
943,750381685133418496,669,27
944,750147208377409536,3002,917
945,750132105863102464,3497,1229
946,750117059602808832,4189,1253
947,750101899009982464,2937,809
948,750086836815486976,2097,509
949,750071704093859840,7528,3168
950,750056684286914561,3056,858
951,750041628174217216,3059,583
952,750026558547456000,2621,749
953,750011400160841729,3115,863
954,749996283729883136,2943,782
955,749981277374128128,4933,2363
956,749774190421639168,4505,1266
957,749417653287129088,5884,1566
958,749403093750648834,2515,504
959,749395845976588288,8247,3280
960,749317047558017024,5273,2141
961,749075273010798592,5543,1972
962,749064354620928000,4634,1462
963,749036806121881602,2983,757
964,748977405889503236,10371,3248
965,748932637671223296,5576,2148
966,748705597323898880,2676,916
967,748699167502000129,4572,1515
968,748692773788876800,4076,1278
969,748575535303884801,5843,1900
970,748568946752774144,2125,645
971,748346686624440324,5022,1179
972,748337862848962560,7321,3912
973,748324050481647620,3557,723
974,748307329658011649,3559,683
975,748220828303695873,13613,7404
976,747963614829678593,5563,2041
977,747933425676525569,6363,2436
978,747885874273214464,2817,924
979,747844099428986880,2718,712
980,747816857231626240,4653,1110
981,747651430853525504,1318,147
982,747648653817413632,12393,5553
983,747600769478692864,2255,541
984,747594051852075008,3530,994
985,747512671126323200,5312,1538
986,747461612269887489,3724,996
987,747439450712596480,5213,1827
988,747242308580548608,0,2765
989,747219827526344708,5054,1491
990,747204161125646336,3225,866
991,747103485104099331,9174,3771
992,746906459439529985,2788,281
993,746872823977771008,5760,2032
994,746818907684614144,5116,1661
995,746790600704425984,4686,1527
996,746757706116112384,9183,3721
997,746726898085036033,5812,1709
998,746542875601690625,4848,1807
999,746521445350707200,0,938
1000,746507379341139972,4477,1037
1001,746369468511756288,5973,1555
1002,746131877086527488,6619,2086
1003,746056683365994496,3434,778
1004,745789745784041472,3838,1010
1005,745712589599014916,6724,2213
1006,745433870967832576,6780,2419
1007,745422732645535745,8221,2301
1008,745314880350101504,6860,2607
1009,745074613265149952,7535,3323
1010,745057283344719872,6961,2136
1011,744995568523612160,2843,584
1012,744971049620602880,7563,2550
1013,744709971296780288,5384,1492
1014,744334592493166593,6498,2001
1015,744234799360020481,149760,73824
1016,744223424764059648,1586,343
1017,743980027717509120,4010,1044
1018,743895849529389061,3510,924
1019,743835915802583040,0,1963
1020,743609206067040256,4297,1320
1021,743595368194129920,17589,6204
1022,743545585370791937,3394,895
1023,743510151680958465,7621,3547
1024,743253157753532416,4063,1166
1025,743222593470234624,5944,1825
1026,743210557239623680,3678,1298
1027,742534281772302336,6770,3401
1028,742528092657332225,4233,1862
1029,742465774154047488,6962,3736
1030,742423170473463808,9425,3550
1031,742385895052087300,6526,1865
1032,742161199639494656,4121,1296
1033,742150209887731712,4889,1465
1034,741793263812808706,4364,1428
1035,741743634094141440,7815,2608
1036,741438259667034112,3535,779
1037,741303864243200000,8414,3052
1038,741099773336379392,9575,5250
1039,741067306818797568,9146,2929
1040,740995100998766593,6070,2574
1041,740711788199743490,3252,900
1042,740699697422163968,2729,743
1043,740676976021798912,17392,6483
1044,740373189193256964,33575,12643
1045,740365076218183684,2353,406
1046,740359016048689152,3142,817
1047,740214038584557568,6402,1863
1048,739979191639244800,19108,5612
1049,739932936087216128,3877,1023
1050,739844404073074688,3640,814
1051,739623569819336705,3605,1289
1052,739606147276148736,5174,1568
1053,739544079319588864,37744,20097
1054,739485634323156992,6825,2764
1055,739238157791694849,110825,55021
1056,738891149612572673,100,6
1057,738885046782832640,3611,1088
1058,738883359779196928,3150,746
1059,738537504001953792,4869,1458
1060,738402415918125056,3120,783
1061,738184450748633089,4129,1154
1062,738166403467907072,8366,3163
1063,738156290900254721,2390,612
1064,737826014890496000,5033,1677
1065,737800304142471168,9573,3293
1066,737678689543020544,4801,1248
1067,737445876994609152,9791,4222
1068,737322739594330112,3442,770
1069,737310737551491075,14007,7031
1070,736736130620620800,4051,1629
1071,736392552031657984,16933,6953
1072,736365877722001409,3803,1174
1073,736225175608430592,7751,2647
1074,736010884653420544,7527,2807
1075,735991953473572864,3427,1081
1076,735648611367784448,3866,1048
1077,735635087207878657,5892,2232
1078,735274964362878976,12473,4748
1079,735256018284875776,3187,833
1080,735137028879360001,2990,920
1081,734912297295085568,2634,503
1082,734787690684657664,11978,5983
1083,734776360183431168,2399,507
1084,734559631394082816,1421,375
1085,733828123016450049,3413,741
1086,733822306246479872,3509,975
1087,733482008106668032,2979,894
1088,733460102733135873,3992,1192
1089,733109485275860992,51043,16178
1090,732732193018155009,2319,509
1091,732726085725589504,3402,842
1092,732585889486888962,3486,741
1093,732375214819057664,7724,2378
1094,732005617171337216,14193,5086
1095,731285275100512256,3347,947
1096,731156023742988288,3658,1198
1097,730924654643314689,5862,1874
1098,730573383004487680,4649,2011
1099,730427201120833536,3326,986
1100,730211855403241472,3632,1004
1101,730196704625098752,4613,1776
1102,729854734790754305,3851,1058
1103,729838605770891264,1652,358
1104,729823566028484608,3790,1180
1105,729463711119904772,5516,2191
1106,729113531270991872,1792,301
1107,728986383096946689,2995,770
1108,728760639972315136,4443,1608
1109,728751179681943552,2634,644
1110,728653952833728512,3161,989
1111,728409960103686147,4676,1893
1112,728387165835677696,3545,911
1113,728046963732717569,4089,1137
1114,728035342121635841,4334,1576
1115,728015554473250816,3935,1039
1116,727685679342333952,2834,603
1117,727644517743104000,5594,1659
1118,727524757080539137,4260,1146
1119,727314416056803329,3180,703
1120,727286334147182592,2924,777
1121,727175381690781696,3728,1313
1122,727155742655025152,3442,1255
1123,726935089318363137,6558,2305
1124,726887082820554753,3665,1433
1125,726828223124897792,3410,951
1126,726224900189511680,4223,1086
1127,725842289046749185,6765,2520
1128,725786712245440512,3980,1297
1129,725729321944506368,4965,1677
1130,725458796924002305,1352,578
1131,724983749226668032,3559,1225
1132,724771698126512129,2231,599
1133,724405726123311104,5039,1577
1134,724049859469295616,4135,1683
1135,724046343203856385,2538,527
1136,724004602748780546,3980,1455
1137,723912936180330496,3719,1167
1138,723688335806480385,7299,2760
1139,723673163800948736,2890,840
1140,723179728551723008,5049,1764
1141,722974582966214656,3912,1481
1142,722613351520608256,4759,1549
1143,721503162398597120,4395,1727
1144,721001180231503872,2415,581
1145,720785406564900865,2951,724
1146,720775346191278080,2343,621
1147,720415127506415616,3946,1420
1148,720389942216527872,6074,2362
1149,720340705894408192,2734,921
1150,720059472081784833,3679,1061
1151,720043174954147842,4715,1902
1152,719991154352222208,4622,1644
1153,719704490224398336,4328,1345
1154,719551379208073216,4820,1796
1155,719367763014393856,2674,710
1156,719339463458033665,4242,1166
1157,719332531645071360,3286,898
1158,718971898235854848,3318,1024
1159,718939241951195136,5008,1650
1160,718631497683582976,17987,7567
1161,718613305783398402,2328,454
1162,718540630683709445,2320,959
1163,718460005985447936,2575,498
1164,718454725339934721,4635,1429
1165,718246886998687744,1823,467
1166,718234618122661888,3689,937
1167,717841801130979328,2339,563
1168,717790033953034240,2722,1034
1169,717537687239008257,5524,1745
1170,717428917016076293,1541,426
1171,717421804990701568,3003,791
1172,717047459982213120,5989,1815
1173,717009362452090881,3088,909
1174,716802964044845056,4099,1104
1175,716791146589110272,7870,1497
1176,716730379797970944,1174,410
1177,716447146686459905,12457,5550
1178,716439118184652801,2280,200
1179,716285507865542656,2653,995
1180,716080869887381504,6476,1804
1181,715928423106027520,3048,833
1182,715758151270801409,3544,1356
1183,715733265223708672,4464,1604
1184,715704790270025728,2648,542
1185,715696743237730304,3738,1222
1186,715680795826982913,4092,1513
1187,715360349751484417,5218,1483
1188,715342466308784130,2910,647
1189,715220193576927233,2315,614
1190,715200624753819648,4916,1761
1191,715009755312439296,3964,1157
1192,714982300363173890,3556,979
1193,714962719905021952,7012,4017
1194,714957620017307648,3961,1337
1195,714631576617938945,3124,940
1196,714606013974974464,3475,876
1197,714485234495041536,2543,1069
1198,714258258790387713,2900,693
1199,714251586676113411,3125,790
1200,714214115368108032,2183,829
1201,714141408463036416,4128,1331
1202,713919462244790272,3145,752
1203,713909862279876608,1812,516
1204,713900603437621249,2713,693
1205,713761197720473600,4641,1294
1206,713411074226274305,4237,1238
1207,713177543487135744,6896,2716
1208,713175907180089344,4246,1396
1209,712809025985978368,18182,6364
1210,712717840512598017,11757,4697
1211,712668654853337088,3969,1143
1212,712438159032893441,5071,1484
1213,712309440758808576,225,25
1214,712097430750289920,3605,982
1215,712092745624633345,2816,847
1216,712085617388212225,3124,464
1217,712065007010385924,2154,591
1218,711998809858043904,0,123
1219,711968124745228288,7686,2185
1220,711743778164514816,2717,944
1221,711732680602345472,8403,3863
1222,711694788429553666,31335,17351
1223,711652651650457602,3680,861
1224,711363825979756544,3462,1077
1225,711306686208872448,3159,705
1226,711008018775851008,2858,580
1227,710997087345876993,4378,1319
1228,710844581445812225,2432,647
1229,710833117892898816,2563,504
1230,710658690886586372,2213,533
1231,710609963652087808,4581,2264
1232,710588934686908417,4332,1760
1233,710296729921429505,2275,698
1234,710283270106132480,2065,495
1235,710272297844797440,4322,1186
1236,710269109699739648,2292,1062
1237,710153181850935296,2786,852
1238,710140971284037632,2629,840
1239,710117014656950272,5208,1876
1240,709918798883774466,3345,1029
1241,709901256215666688,638,98
1242,709852847387627521,3350,1138
1243,709566166965075968,3382,1135
1244,709556954897764353,3128,1015
1245,709519240576036864,1433,226
1246,709449600415961088,2109,541
1247,709409458133323776,2526,645
1248,709225125749587968,2292,540
1249,709207347839836162,11937,5452
1250,709198395643068416,2348,610
1251,709179584944730112,1929,637
1252,709158332880297985,1949,390
1253,709042156699303936,4518,1546
1254,708853462201716736,1724,625
1255,708845821941387268,2842,849
1256,708834316713893888,1612,474
1257,708810915978854401,15755,6541
1258,708738143638450176,2640,774
1259,708711088997666817,2419,677
1260,708479650088034305,2436,645
1261,708469915515297792,2967,773
1262,708400866336894977,15196,9504
1263,708356463048204288,3421,1252
1264,708349470027751425,2253,701
1265,708149363256774660,4120,1476
1266,708130923141795840,3231,811
1267,708119489313951744,2574,933
1268,708109389455101952,1872,530
1269,708026248782585858,4208,1823
1270,707995814724026368,2988,1069
1271,707983188426153984,49,2
1272,707969809498152960,2574,910
1273,707776935007539200,3139,909
1274,707741517457260545,2378,582
1275,707738799544082433,3897,2317
1276,707693576495472641,3247,947
1277,707629649552134146,2455,822
1278,707610948723478529,16230,5993
1279,707420581654872064,2152,664
1280,707411934438625280,2198,568
1281,707387676719185920,3344,1205
1282,707377100785885184,3121,1026
1283,707315916783140866,2370,602
1284,707297311098011648,2672,740
1285,707059547140169728,2485,641
1286,707038192327901184,2095,746
1287,707021089608753152,3902,1280
1288,707014260413456384,2214,565
1289,706904523814649856,13938,7449
1290,706901761596989440,1949,549
1291,706681918348251136,3158,926
1292,706644897839910912,2449,1039
1293,706593038911545345,2065,602
1294,706538006853918722,3333,1359
1295,706516534877929472,2989,975
1296,706346369204748288,3295,878
1297,706310011488698368,20319,7477
1298,706291001778950144,1630,454
1299,706265994973601792,2615,884
1300,706169069255446529,3737,2097
1301,706166467411222528,4924,1517
1302,706153300320784384,1416,363
1303,705975130514706432,2968,692
1304,705970349788291072,3038,844
1305,705898680587526145,2273,525
1306,705786532653883392,1852,491
1307,705591895322394625,3032,1090
1308,705475953783398401,2839,870
1309,705442520700944385,4212,1525
1310,705428427625635840,3643,1588
1311,705239209544720384,2863,716
1312,705223444686888960,2478,757
1313,705102439679201280,2049,491
1314,705066031337840642,2090,582
1315,704871453724954624,4087,1063
1316,704859558691414016,2155,499
1317,704847917308362754,4859,1437
1318,704819833553219584,2525,931
1319,704761120771465216,6356,2765
1320,704499785726889984,2783,952
1321,704491224099647488,714,74
1322,704480331685040129,3258,1019
1323,704364645503647744,7635,3371
1324,704347321748819968,1508,331
1325,704134088924532736,1440,433
1326,704113298707505153,1781,545
1327,704054845121142784,2797,874
1328,703774238772166656,1771,430
1329,703769065844768768,3118,1084
1330,703631701117943808,2452,633
1331,703611486317502464,3679,1452
1332,703425003149250560,3632,1286
1333,703407252292673536,2336,657
1334,703382836347330562,3354,1086
1335,703356393781329922,1833,369
1336,703268521220972544,1891,517
1337,703079050210877440,7067,2926
1338,703041949650034688,25192,11792
1339,702932127499816960,2475,681
1340,702899151802126337,1531,425
1341,702684942141153280,3095,1011
1342,702671118226825216,2099,535
1343,702598099714314240,11713,3266
1344,702539513671897089,2763,914
1345,702332542343577600,3036,1468
1346,702321140488925184,3141,999
1347,702276748847800320,2359,731
1348,702217446468493312,4581,1278
1349,701981390485725185,3295,935
1350,701952816642965504,3673,976
1351,701889187134500865,3384,1315
1352,701805642395348998,3267,1584
1353,701601587219795968,2010,433
1354,701570477911896070,2697,882
1355,701545186879471618,2553,580
1356,701214700881756160,11694,4843
1357,700890391244103680,2124,535
1358,700864154249383937,2485,596
1359,700847567345688576,2354,476
1360,700796979434098688,2335,891
1361,700747788515020802,21795,8804
1362,700518061187723268,2500,755
1363,700505138482569216,2189,547
1364,700462010979500032,3941,1692
1365,700167517596164096,2522,692
1366,700151421916807169,2149,642
1367,700143752053182464,7198,2574
1368,700062718104104960,2526,650
1369,700029284593901568,1988,553
1370,700002074055016451,3163,1269
1371,699801817392291840,2901,901
1372,699788877217865730,2141,487
1373,699779630832685056,2609,1176
1374,699775878809702401,1877,577
1375,699691744225525762,9822,4361
1376,699446877801091073,5705,2497
1377,699434518667751424,2085,490
1378,699423671849451520,1303,305
1379,699413908797464576,1994,595
1380,699370870310113280,1819,415
1381,699323444782047232,3018,822
1382,699088579889332224,2155,592
1383,699079609774645248,2341,613
1384,699072405256409088,2835,1129
1385,699060279947165696,3581,1708
1386,699036661657767936,2499,1144
1387,698989035503689728,3196,924
1388,698953797952008193,2564,863
1389,698907974262222848,2423,589
1390,698710712454139905,2366,644
1391,698703483621523456,1385,352
1392,698635131305795584,1246,326
1393,698549713696649216,2221,591
1394,698355670425473025,1759,423
1395,698342080612007937,2162,915
1396,698262614669991936,4573,1892
1397,698195409219559425,16056,5664
1398,698178924120031232,2698,702
1399,697995514407682048,1452,320
1400,697990423684476929,3139,1223
1401,697943111201378304,2288,644
1402,697881462549430272,2883,1103
1403,697630435728322560,1666,521
1404,697616773278015490,3001,959
1405,697596423848730625,2878,1199
1406,697575480820686848,1954,481
1407,697516214579523584,1957,1056
1408,697482927769255936,2322,635
1409,697463031882764288,3281,1332
1410,697270446429966336,4509,1787
1411,697259378236399616,3152,951
1412,697255105972801536,2938,1098
1413,697242256848379904,2429,640
1414,696900204696625153,3035,977
1415,696894894812565505,2242,646
1416,696886256886657024,4636,1701
1417,696877980375769088,2347,676
1418,696754882863349760,1415,342
1419,696744641916489729,1978,887
1420,696713835009417216,2268,615
1421,696518437233913856,3752,1640
1422,696490539101908992,1158,135
1423,696488710901260288,2400,972
1424,696405997980676096,3069,1100
1425,696100768806522880,1850,619
1426,695816827381944320,2883,1089
1427,695794761660297217,3033,735
1428,695767669421768709,1780,701
1429,695629776980148225,4371,1987
1430,695446424020918272,4230,1731
1431,695409464418041856,8304,3406
1432,695314793360662529,3463,1372
1433,695095422348574720,2532,584
1434,695074328191332352,2703,1043
1435,695064344191721472,1536,556
1436,695051054296211456,2538,754
1437,694925794720792577,2586,873
1438,694905863685980160,2627,885
1439,694669722378485760,34265,13610
1440,694356675654983680,1434,272
1441,694352839993344000,1951,578
1442,694342028726001664,1516,462
1443,694329668942569472,1914,480
1444,694206574471057408,3985,1938
1445,694183373896572928,2819,884
1446,694001791655137281,3263,974
1447,693993230313091072,1802,383
1448,693942351086120961,1676,349
1449,693647888581312512,2578,555
1450,693644216740769793,1298,119
1451,693642232151285760,2441,397
1452,693629975228977152,2346,757
1453,693622659251335168,1468,355
1454,693590843962331137,4833,1852
1455,693582294167244802,1578,235
1456,693486665285931008,1693,599
1457,693280720173801472,3203,1181
1458,693267061318012928,2274,771
1459,693262851218264065,2113,471
1460,693231807727280129,2757,706
1461,693155686491000832,7538,3041
1462,693109034023534592,1634,577
1463,693095443459342336,1783,430
1464,692919143163629568,2573,722
1465,692905862751522816,2328,831
1466,692901601640583168,1686,571
1467,692894228850999298,2162,750
1468,692828166163931137,2754,848
1469,692752401762250755,6529,3469
1470,692568918515392513,4176,1464
1471,692535307825213440,3012,1292
1472,692530551048294401,1761,391
1473,692423280028966913,1412,211
1474,692417313023332352,8966,3283
1475,692187005137076224,2425,780
1476,692158366030913536,2053,750
1477,692142790915014657,1575,370
1478,692041934689402880,3246,1198
1479,692017291282812928,2767,905
1480,691820333922455552,3794,1563
1481,691793053716221953,7786,4016
1482,691756958957883396,2710,933
1483,691675652215414786,1868,479
1484,691483041324204033,2292,531
1485,691459709405118465,3872,1078
1486,691444869282295808,2522,800
1487,691416866452082688,18513,7245
1488,691321916024623104,2471,630
1489,691096613310316544,2853,839
1490,691090071332753408,1657,319
1491,690989312272396288,5655,2725
1492,690959652130045952,3424,1175
1493,690938899477221376,3916,1849
1494,690932576555528194,3145,963
1495,690735892932222976,3621,1210
1496,690728923253055490,2085,491
1497,690690673629138944,2229,778
1498,690649993829576704,1245,261
1499,690607260360429569,287,16
1500,690597161306841088,1866,575
1501,690400367696297985,1808,427
1502,690374419777196032,3109,802
1503,690360449368465409,2546,836
1504,690348396616552449,1434,490
1505,690248561355657216,1607,393
1506,690021994562220032,2685,976
1507,690015576308211712,2378,698
1508,690005060500217858,3515,1604
1509,689999384604450816,1353,349
1510,689993469801164801,1397,428
1511,689977555533848577,1312,427
1512,689905486972461056,2349,657
1513,689877686181715968,2913,1105
1514,689835978131935233,2085,717
1515,689661964914655233,3102,893
1516,689659372465688576,9927,3650
1517,689623661272240129,2131,611
1518,689599056876867584,11164,5230
1519,689557536375177216,1969,431
1520,689517482558820352,3251,1360
1521,689289219123089408,2154,884
1522,689283819090870273,3121,1044
1523,689280876073582592,1901,671
1524,689275259254616065,1097,235
1525,689255633275777024,2447,1029
1526,689154315265683456,2955,946
1527,689143371370250240,1939,479
1528,688916208532455424,2600,818
1529,688908934925697024,2017,729
1530,688898160958271489,2006,742
1531,688894073864884227,2149,652
1532,688828561667567616,1320,345
1533,688804835492233216,920,181
1534,688789766343622656,2120,632
1535,688547210804498433,2478,661
1536,688519176466644993,2224,697
1537,688385280030670848,8863,4241
1538,688211956440801280,2155,788
1539,688179443353796608,2050,558
1540,688116655151435777,2708,735
1541,688064179421470721,1659,343
1542,687841446767013888,5217,2374
1543,687826841265172480,2628,1065
1544,687818504314159109,2379,905
1545,687807801670897665,2280,682
1546,687732144991551489,1687,627
1547,687704180304273409,2331,802
1548,687664829264453632,1855,487
1549,687494652870668288,1825,548
1550,687480748861947905,1531,228
1551,687476254459715584,1898,505
1552,687460506001633280,1969,513
1553,687399393394311168,1815,585
1554,687317306314240000,19292,8711
1555,687312378585812992,4181,1804
1556,687127927494963200,5186,2142
1557,687124485711986689,2101,480
1558,687109925361856513,5571,2337
1559,687102708889812993,2246,913
1560,687096057537363968,2143,576
1561,686947101016735744,8273,3033
1562,686760001961103360,3365,1320
1563,686749460672679938,3333,1374
1564,686730991906516992,3950,1142
1565,686683045143953408,2707,763
1566,686618349602762752,3540,1291
1567,686606069955735556,1809,516
1568,686394059078897668,1667,656
1569,686386521809772549,3122,835
1570,686377065986265092,2119,535
1571,686358356425093120,2081,626
1572,686286779679375361,3857,1594
1573,686050296934563840,2133,692
1574,686035780142297088,1098,111
1575,686034024800862208,2945,1083
1576,686007916130873345,2371,385
1577,686003207160610816,1752,588
1578,685973236358713344,2010,495
1579,685943807276412928,1554,559
1580,685906723014619143,7154,2707
1581,685681090388975616,1954,116
1582,685667379192414208,2256,534
1583,685663452032069632,3082,1388
1584,685641971164143616,2787,726
1585,685547936038666240,31494,14770
1586,685532292383666176,2905,1094
1587,685325112850124800,9021,3754
1588,685321586178670592,2532,597
1589,685315239903100929,3146,987
1590,685307451701334016,1989,415
1591,685268753634967552,2961,1130
1592,685198997565345792,2234,631
1593,685169283572338688,3942,1351
1594,684969860808454144,2284,349
1595,684959798585110529,6512,2959
1596,684940049151070208,3067,988
1597,684926975086034944,3341,443
1598,684914660081053696,3356,1379
1599,684902183876321280,1788,500
1600,684880619965411328,2001,764
1601,684830982659280897,33497,20572
1602,684800227459624960,2607,948
1603,684594889858887680,8510,3316
1604,684588130326986752,3932,1340
1605,684567543613382656,2882,1146
1606,684538444857667585,2527,897
1607,684481074559381504,3714,1115
1608,684460069371654144,1887,528
1609,684241637099323392,7759,3098
1610,684225744407494656,1189,196
1611,684222868335505415,3664,1296
1612,684200372118904832,2056,989
1613,684195085588783105,1824,481
1614,684188786104872960,3347,1100
1615,684177701129875456,1932,627
1616,684147889187209216,2865,1443
1617,684122891630342144,1919,445
1618,684097758874210310,3935,1353
1619,683857920510050305,3651,1064
1620,683852578183077888,1864,330
1621,683849932751646720,2496,903
1622,683834909291606017,2516,1068
1623,683828599284170753,2684,1003
1624,683773439333797890,3203,1277
1625,683742671509258241,6180,3144
1626,683515932363329536,7009,2743
1627,683498322573824003,3038,921
1628,683481228088049664,2551,953
1629,683462770029932544,2322,643
1630,683449695444799489,3697,1520
1631,683391852557561860,7314,2269
1632,683357973142474752,2767,865
1633,683142553609318400,2744,989
1634,683111407806746624,3255,862
1635,683098815881154561,2080,621
1636,683078886620553216,1915,538
1637,683030066213818368,2069,706
1638,682962037429899265,35095,15540
1639,682808988178739200,1698,158
1640,682788441537560576,2372,1057
1641,682750546109968385,1449,412
1642,682697186228989953,1260,344
1643,682662431982772225,2919,1025
1644,682638830361513985,1976,563
1645,682429480204398592,3289,1089
1646,682406705142087680,7232,1659
1647,682393905736888321,2143,628
1648,682389078323662849,1595,446
1649,682303737705140231,2931,924
1650,682259524040966145,3958,1124
1651,682242692827447297,3088,1085
1652,682088079302213632,17386,9306
1653,682059653698686977,4716,1585
1654,682047327939461121,3054,888
1655,682032003584274432,6278,1882
1656,682003177596559360,2982,1432
1657,681981167097122816,2685,980
1658,681891461017812993,2367,776
1659,681694085539872773,12243,3839
1660,681679526984871937,1686,416
1661,681654059175129088,2507,856
1662,681610798867845120,1811,443
1663,681579835668455424,3381,1230
1664,681523177663676416,13635,5437
1665,681340665377193984,1570,258
1666,681339448655802368,8876,3868
1667,681320187870711809,2521,704
1668,681302363064414209,3753,1716
1669,681297372102656000,3077,897
1670,681281657291280384,3081,1038
1671,681261549936340994,1393,251
1672,681242418453299201,1422,498
1673,681231109724700672,2304,461
1674,681193455364796417,3535,1397
1675,680970795137544192,2300,617
1676,680959110691590145,4379,1889
1677,680940246314430465,3042,978
1678,680934982542561280,1997,411
1679,680913438424612864,2304,586
1680,680889648562991104,1687,347
1681,680836378243002368,3305,1252
1682,680805554198020098,2056,632
1683,680801747103793152,2272,773
1684,680798457301471234,2716,976
1685,680609293079592961,2507,654
1686,680583894916304897,3458,1251
1687,680497766108381184,4038,1804
1688,680494726643068929,1643,460
1689,680473011644985345,2428,710
1690,680440374763077632,1390,473
1691,680221482581123072,1417,279
1692,680206703334408192,2705,1101
1693,680191257256136705,2060,473
1694,680176173301628928,3715,1460
1695,680161097740095489,2221,696
1696,680145970311643136,3443,1645
1697,680130881361686529,2192,888
1698,680115823365742593,2592,860
1699,680100725817409536,3432,1299
1700,680085611152338944,12223,8514
1701,680070545539371008,2466,811
1702,679877062409191424,1883,607
1703,679872969355714560,2102,633
1704,679862121895714818,2350,582
1705,679854723806179328,2726,1158
1706,679844490799091713,2265,716
1707,679828447187857408,34474,13216
1708,679777920601223168,2962,1035
1709,679736210798047232,1996,744
1710,679729593985699840,2069,782
1711,679722016581222400,1587,442
1712,679530280114372609,4551,1962
1713,679527802031484928,2513,685
1714,679511351870550016,3205,1191
1715,679503373272485890,3021,1380
1716,679475951516934144,2001,605
1717,679462823135686656,29963,17688
1718,679405845277462528,2257,1128
1719,679158373988876288,20198,7567
1720,679148763231985668,2650,969
1721,679132435750195208,2825,1085
1722,679111216690831360,5651,2437
1723,679062614270468097,16107,7571
1724,679047485189439488,2140,618
1725,679001094530465792,2708,1151
1726,678991772295516161,2161,1085
1727,678969228704284672,1557,429
1728,678800283649069056,2441,846
1729,678798276842360832,3273,1087
1730,678774928607469569,2669,853
1731,678767140346941444,3342,1277
1732,678764513869611008,1542,439
1733,678755239630127104,6720,3072
1734,678740035362037760,3550,1560
1735,678708137298427904,5312,2282
1736,678675843183484930,2702,1375
1737,678643457146150913,1952,378
1738,678446151570427904,3799,1440
1739,678424312106393600,5177,2391
1740,678410210315247616,3982,1685
1741,678399652199309312,76085,29834
1742,678396796259975168,1507,391
1743,678389028614488064,1764,393
1744,678380236862578688,2300,847
1745,678341075375947776,1637,503
1746,678334497360859136,1227,233
1747,678278586130948096,10822,5735
1748,678255464182861824,1506,345
1749,678023323247357953,1805,352
1750,678021115718029313,12870,5891
1751,677961670166224897,3239,1584
1752,677918531514703872,1257,382
1753,677895101218201600,4560,1938
1754,677716515794329600,2878,917
1755,677700003327029250,3208,1348
1756,677698403548192770,1165,300
1757,677687604918272002,2356,793
1758,677673981332312066,3147,1403
1759,677662372920729601,1840,885
1760,677644091929329666,1762,761
1761,677573743309385728,2013,647
1762,677565715327688705,1230,430
1763,677557565589463040,2311,1077
1764,677547928504967168,6535,3442
1765,677530072887205888,1002,214
1766,677335745548390400,2870,1631
1767,677334615166730240,1273,265
1768,677331501395156992,1026,218
1769,677328882937298944,3455,1413
1770,677314812125323265,1558,496
1771,677301033169788928,1160,374
1772,677269281705472000,1861,661
1773,677228873407442944,3345,1531
1774,677187300187611136,2575,849
1775,676975532580409345,2617,997
1776,676957860086095872,2107,758
1777,676949632774234114,1233,368
1778,676948236477857792,2031,807
1779,676946864479084545,1635,343
1780,676942428000112642,1953,699
1781,676936541936185344,12021,4627
1782,676916996760600576,2801,1700
1783,676897532954456065,2120,682
1784,676864501615042560,1967,656
1785,676821958043033607,21553,14432
1786,676819651066732545,1720,618
1787,676811746707918848,1351,403
1788,676776431406465024,4703,1892
1789,676617503762681856,2713,891
1790,676613908052996102,1025,185
1791,676606785097199616,1795,406
1792,676603393314578432,1094,356
1793,676593408224403456,4297,2001
1794,676590572941893632,869,115
1795,676588346097852417,2170,730
1796,676582956622721024,1115,254
1797,676575501977128964,2419,1044
1798,676533798876651520,1764,515
1799,676496375194980353,1431,498
1800,676470639084101634,10948,4364
1801,676440007570247681,1617,618
1802,676430933382295552,1312,316
1803,676263575653122048,1967,505
1804,676237365392908289,1134,261
1805,676219687039057920,72011,28864
1806,676215927814406144,1630,535
1807,676191832485810177,2126,959
1808,676146341966438401,1809,618
1809,676121918416756736,2035,1082
1810,676101918813499392,2664,1090
1811,676098748976615425,2795,1309
1812,676089483918516224,1229,407
1813,675898130735476737,1513,527
1814,675891555769696257,1993,791
1815,675888385639251968,2222,880
1816,675878199931371520,3917,1306
1817,675870721063669760,1529,524
1818,675853064436391936,2522,1191
1819,675849018447167488,889,131
1820,675845657354215424,2126,809
1821,675822767435051008,1428,502
1822,675820929667219457,983,221
1823,675798442703122432,9639,3187
1824,675781562965868544,1513,433
1825,675740360753160193,1102,314
1826,675710890956750848,1757,758
1827,675707330206547968,1849,634
1828,675706639471788032,607,87
1829,675534494439489536,1729,380
1830,675531475945709568,1111,354
1831,675522403582218240,974,263
1832,675517828909424640,1211,432
1833,675501075957489664,16093,5437
1834,675497103322386432,2930,1197
1835,675489971617296384,1203,550
1836,675483430902214656,1719,897
1837,675432746517426176,1415,529
1838,675372240448454658,1579,483
1839,675362609739206656,984,208
1840,675354435921575936,30430,15502
1841,675349384339542016,3672,2103
1842,675334060156301312,2585,1194
1843,675166823650848770,3311,1456
1844,675153376133427200,5827,2376
1845,675149409102012420,3475,1573
1846,675147105808306176,877,212
1847,675146535592706048,1103,268
1848,675145476954566656,1992,826
1849,675135153782571009,1216,434
1850,675113801096802304,1810,725
1851,675111688094527488,893,225
1852,675109292475830276,2611,1040
1853,675047298674663426,982,292
1854,675015141583413248,2523,1093
1855,675006312288268288,907,208
1856,675003128568291329,1450,429
1857,674999807681908736,2084,1019
1858,674805413498527744,798,330
1859,674800520222154752,2802,786
1860,674793399141146624,2326,1002
1861,674790488185167872,1026,228
1862,674788554665512960,749,189
1863,674781762103414784,1864,1098
1864,674774481756377088,1025,433
1865,674767892831932416,1692,720
1866,674764817387900928,733,212
1867,674754018082705410,1266,404
1868,674752233200820224,1358,423
1869,674743008475090944,1302,498
1870,674742531037511680,446,46
1871,674739953134403584,1016,350
1872,674737130913071104,603,81
1873,674690135443775488,1063,436
1874,674670581682434048,1503,597
1875,674664755118911488,849,220
1876,674646392044941312,1330,448
1877,674644256330530816,966,254
1878,674638615994089473,1567,539
1879,674632714662858753,1393,527
1880,674606911342424069,868,91
1881,674468880899788800,5801,1871
1882,674447403907457024,986,328
1883,674436901579923456,1031,359
1884,674422304705744896,1330,493
1885,674416750885273600,644,125
1886,674410619106390016,1120,421
1887,674394782723014656,1396,521
1888,674372068062928900,794,292
1889,674330906434379776,528,69
1890,674318007229923329,1308,473
1891,674307341513269249,10556,6340
1892,674291837063053312,13660,5371
1893,674271431610523648,1447,672
1894,674269164442398721,848,213
1895,674265582246694913,1513,769
1896,674262580978937856,1223,415
1897,674255168825880576,1356,494
1898,674082852460433408,710,151
1899,674075285688614912,927,260
1900,674063288070742018,5928,1998
1901,674053186244734976,3070,1187
1902,674051556661161984,1347,454
1903,674045139690631169,1307,590
1904,674042553264685056,667,116
1905,674038233588723717,1025,389
1906,674036086168010753,792,186
1907,674024893172875264,1649,1124
1908,674019345211760640,1055,279
1909,674014384960745472,1452,588
1910,674008982932058114,1119,322
1911,673956914389192708,1818,877
1912,673919437611909120,1091,340
1913,673906403526995968,2955,1511
1914,673887867907739649,876,234
1915,673716320723169284,2874,693
1916,673715861853720576,3269,1885
1917,673711475735838725,968,274
1918,673709992831262724,782,245
1919,673708611235921920,992,262
1920,673707060090052608,1024,359
1921,673705679337693185,1171,374
1922,673700254269775872,1333,523
1923,673697980713705472,3654,1778
1924,673689733134946305,1613,593
1925,673688752737402881,1173,452
1926,673686845050527744,1332,398
1927,673680198160809984,1267,429
1928,673662677122719744,1168,341
1929,673656262056419329,674,214
1930,673636718965334016,1027,333
1931,673612854080196609,1485,660
1932,673583129559498752,1109,330
1933,673580926094458881,772,253
1934,673576835670777856,1280,512
1935,673363615379013632,958,276
1936,673359818736984064,1339,612
1937,673355879178194945,1394,524
1938,673352124999274496,1551,493
1939,673350198937153538,707,194
1940,673345638550134785,2321,1157
1941,673343217010679808,900,246
1942,673342308415348736,1179,518
1943,673320132811366400,12445,7164
1944,673317986296586240,818,227
1945,673295268553605120,6976,2893
1946,673270968295534593,993,330
1947,673240798075449344,1324,646
1948,673213039743795200,2059,762
1949,673148804208660480,1566,574
1950,672997845381865473,1829,651
1951,672995267319328768,875,267
1952,672988786805112832,907,265
1953,672984142909456390,1164,501
1954,672980819271634944,1685,929
1955,672975131468300288,1555,823
1956,672970152493887488,875,325
1957,672968025906282496,1228,494
1958,672964561327235073,1311,586
1959,672902681409806336,1276,449
1960,672898206762672129,838,385
1961,672884426393653248,1424,772
1962,672877615439593473,949,323
1963,672834301050937345,1206,524
1964,672828477930868736,1149,444
1965,672640509974827008,909,287
1966,672622327801233409,1192,439
1967,672614745925664768,1126,531
1968,672609152938721280,1015,352
1969,672604026190569472,1021,361
1970,672594978741354496,1227,557
1971,672591762242805761,879,303
1972,672591271085670400,666,173
1973,672538107540070400,939,331
1974,672523490734551040,579,152
1975,672488522314567680,1032,398
1976,672482722825261057,1036,544
1977,672481316919734272,666,119
1978,672475084225949696,1339,641
1979,672466075045466113,1246,481
1980,672272411274932228,5950,3070
1981,672267570918129665,1366,563
1982,672264251789176834,1049,306
1983,672256522047614977,2609,1393
1984,672254177670729728,1323,679
1985,672248013293752320,1601,547
1986,672245253877968896,627,142
1987,672239279297454080,832,293
1988,672231046314901505,1681,921
1989,672222792075620352,726,192
1990,672205392827572224,2078,1043
1991,672169685991993344,939,333
1992,672160042234327040,808,325
1993,672139350159835138,1607,633
1994,672125275208069120,2197,1038
1995,672095186491711488,917,338
1996,672082170312290304,872,334
1997,672068090318987265,1187,466
1998,671896809300709376,7870,3820
1999,671891728106971137,1210,514
2000,671882082306625538,3226,1269
2001,671879137494245376,1304,605
2002,671874878652489728,1156,504
2003,671866342182637568,1037,444
2004,671855973984772097,831,394
2005,671789708968640512,6555,3157
2006,671768281401958400,1101,450
2007,671763349865160704,1542,818
2008,671744970634719232,1255,701
2009,671743150407421952,698,214
2010,671735591348891648,1332,685
2011,671729906628341761,7840,3958
2012,671561002136281088,11827,6601
2013,671550332464455680,839,192
2014,671547767500775424,1252,534
2015,671544874165002241,1805,944
2016,671542985629241344,1002,513
2017,671538301157904385,858,349
2018,671536543010570240,1088,370
2019,671533943490011136,932,527
2020,671528761649688577,775,233
2021,671520732782923777,1287,485
2022,671518598289059840,871,270
2023,671511350426865664,1470,638
2024,671504605491109889,6464,3270
2025,671497587707535361,855,412
2026,671488513339211776,922,436
2027,671486386088865792,529,180
2028,671485057807351808,704,212
2029,671390180817915904,1324,680
2030,671362598324076544,1026,270
2031,671357843010908160,369,143
2032,671355857343524864,445,111
2033,671347597085433856,877,387
2034,671186162933985280,668,190
2035,671182547775299584,1023,305
2036,671166507850801152,803,312
2037,671163268581498880,1509,1009
2038,671159727754231808,328,72
2039,671154572044468225,655,199
2040,671151324042559489,610,139
2041,671147085991960577,609,200
2042,671141549288370177,1063,595
2043,671138694582165504,847,367
2044,671134062904504320,681,173
2045,671122204919246848,3199,2288
2046,671115716440031232,1260,710
2047,671109016219725825,1058,395
2048,670995969505435648,1014,264
2049,670842764863651840,22821,7897
2050,670840546554966016,540,175
2051,670838202509447168,1017,626
2052,670833812859932673,397,113
2053,670832455012716544,670,196
2054,670826280409919488,5073,3680
2055,670823764196741120,707,169
2056,670822709593571328,556,88
2057,670815497391357952,2907,1393
2058,670811965569282048,1033,243
2059,670807719151067136,1077,445
2060,670804601705242624,1812,868
2061,670803562457407488,314,82
2062,670797304698376195,683,212
2063,670792680469889025,763,249
2064,670789397210615808,606,218
2065,670786190031921152,552,183
2066,670783437142401025,765,350
2067,670782429121134593,1418,700
2068,670780561024270336,728,264
2069,670778058496974848,308,66
2070,670764103623966721,1004,387
2071,670755717859713024,403,95
2072,670733412878163972,886,465
2073,670727704916926465,769,326
2074,670717338665226240,1098,438
2075,670704688707301377,720,339
2076,670691627984359425,541,219
2077,670679630144274432,690,256
2078,670676092097810432,225,37
2079,670668383499735048,9844,4530
2080,670474236058800128,1393,676
2081,670468609693655041,331,80
2082,670465786746662913,897,499
2083,670452855871037440,504,187
2084,670449342516494336,1113,589
2085,670444955656130560,6249,1805
2086,670442337873600512,595,183
2087,670435821946826752,978,466
2088,670434127938719744,1310,584
2089,670433248821026816,305,103
2090,670428280563085312,1284,558
2091,670427002554466305,483,146
2092,670421925039075328,1206,579
2093,670420569653809152,567,282
2094,670417414769758208,528,297
2095,670411370698022913,1864,813
2096,670408998013820928,509,199
2097,670403879788544000,392,138
2098,670385711116361728,520,189
2099,670374371102445568,692,248
2100,670361874861563904,301,60
2101,670338931251150849,396,101
2102,670319130621435904,3604,1114
2103,670303360680108032,404,118
2104,670290420111441920,644,259
2105,670093938074779648,949,298
2106,670086499208155136,644,227
2107,670079681849372674,2039,1110
2108,670073503555706880,1435,712
2109,670069087419133954,572,216
2110,670061506722140161,696,300
2111,670055038660800512,612,295
2112,670046952931721218,596,159
2113,670040295598354432,694,102
2114,670037189829525505,544,252
2115,670003130994700288,307,84
2116,669993076832759809,299,75
2117,669972011175813120,411,140
2118,669970042633789440,281,50
2119,669942763794931712,463,143
2120,669926384437997569,348,87
2121,669923323644657664,213,53
2122,669753178989142016,733,364
2123,669749430875258880,237,60
2124,669684865554620416,468,79
2125,669683899023405056,349,100
2126,669682095984410625,326,123
2127,669680153564442624,615,261
2128,669661792646373376,746,387
2129,669625907762618368,3250,1642
2130,669603084620980224,883,332
2131,669597912108789760,469,139
2132,669583744538451968,1374,846
2133,669573570759163904,402,127
2134,669571471778410496,1464,921
2135,669567591774625800,215,48
2136,669564461267722241,359,108
2137,669393256313184256,326,66
2138,669375718304980992,1217,655
2139,669371483794317312,450,159
2140,669367896104181761,421,138
2141,669363888236994561,577,207
2142,669359674819481600,342,110
2143,669354382627049472,2486,1157
2144,669353438988365824,579,237
2145,669351434509529089,399,166
2146,669328503091937280,938,381
2147,669327207240699904,529,112
2148,669324657376567296,456,192
2149,669216679721873412,1098,365
2150,669214165781868544,401,143
2151,669203728096960512,924,425
2152,669037058363662336,603,284
2153,669015743032369152,680,338
2154,669006782128353280,533,219
2155,669000397445533696,19312,5757
2156,668994913074286592,402,203
2157,668992363537309700,680,309
2158,668989615043424256,621,303
2159,668988183816871936,833,417
2160,668986018524233728,507,148
2161,668981893510119424,501,274
2162,668979806671884288,732,314
2163,668975677807423489,1200,527
2164,668967877119254528,132,21
2165,668960084974809088,646,222
2166,668955713004314625,251,65
2167,668932921458302977,235,53
2168,668902994700836864,293,91
2169,668892474547511297,368,134
2170,668872652652679168,488,276
2171,668852170888998912,418,146
2172,668826086256599040,395,120
2173,668815180734689280,514,235
2174,668779399630725120,659,340
2175,668655139528511488,487,200
2176,668645506898350081,807,476
2177,668643542311546881,807,469
2178,668641109086707712,979,490
2179,668636665813057536,954,449
2180,668633411083464705,2572,1449
2181,668631377374486528,655,292
2182,668627278264475648,290,100
2183,668625577880875008,351,117
2184,668623201287675904,1299,681
2185,668620235289837568,188,36
2186,668614819948453888,567,288
2187,668587383441514497,1543,971
2188,668567822092664832,219,49
2189,668544745690562560,471,206
2190,668542336805281792,419,192
2191,668537837512433665,234,63
2192,668528771708952576,428,202
2193,668507509523615744,300,94
2194,668496999348633600,377,119
2195,668484198282485761,387,214
2196,668480044826800133,419,131
2197,668466899341221888,810,464
2198,668297328638447616,576,271
2199,668291999406125056,224,29
2200,668286279830867968,462,125
2201,668274247790391296,759,211
2202,668268907921326080,505,212
2203,668256321989451776,1191,541
2204,668248472370458624,873,425
2205,668237644992782336,5677,2560
2206,668226093875376128,267,91
2207,668221241640230912,471,179
2208,668204964695683073,514,180
2209,668190681446379520,596,182
2210,668171859951755264,444,171
2211,668154635664932864,460,285
2212,668142349051129856,531,254
2213,668113020489474048,616,215
2214,667937095915278337,1149,725
2215,667924896115245057,274,98
2216,667915453470232577,195,50
2217,667911425562669056,449,263
2218,667902449697558528,794,348
2219,667886921285246976,1719,969
2220,667885044254572545,764,424
2221,667878741721415682,366,106
2222,667873844930215936,576,368
2223,667866724293877760,2801,938
2224,667861340749471744,227,74
2225,667832474953625600,267,57
2226,667806454573760512,971,446
2227,667801013445750784,295,84
2228,667793409583771648,637,302
2229,667782464991965184,376,224
2230,667773195014021121,213,47
2231,667766675769573376,395,199
2232,667728196545200128,342,137
2233,667724302356258817,441,285
2234,667550904950915073,0,30
2235,667550882905632768,0,26
2236,667549055577362432,5291,2041
2237,667546741521195010,312,115
2238,667544320556335104,786,481
2239,667538891197542400,187,59
2240,667534815156183040,748,477
2241,667530908589760512,428,218
2242,667524857454854144,1556,1017
2243,667517642048163840,340,176
2244,667509364010450944,6276,1932
2245,667502640335572993,499,201
2246,667495797102141441,478,240
2247,667491009379606528,475,202
2248,667470559035432960,232,88
2249,667455448082227200,177,56
2250,667453023279554560,291,80
2251,667443425659232256,708,524
2252,667437278097252352,410,213
2253,667435689202614272,283,79
2254,667405339315146752,431,203
2255,667393430834667520,177,51
2256,667369227918143488,337,150
2257,667211855547486208,444,220
2258,667200525029539841,569,237
2259,667192066997374976,350,88
2260,667188689915760640,671,351
2261,667182792070062081,13054,5526
2262,667177989038297088,176,50
2263,667176164155375616,551,408
2264,667174963120574464,225,71
2265,667171260800061440,200,74
2266,667165590075940865,2464,1020
2267,667160273090932737,232,55
2268,667152164079423490,43737,15190
2269,667138269671505920,4171,1963
2270,667119796878725120,300,118
2271,667090893657276420,304,111
2272,667073648344346624,368,106
2273,667070482143944705,75,13
2274,667065535570550784,153,40
2275,667062181243039745,201,47
2276,667044094246576128,172,44
2277,667012601033924608,412,197
2278,666996132027977728,222,80
2279,666983947667116034,2325,879
2280,666837028449972224,736,493
2281,666835007768551424,190,70
2282,666826780179869698,232,81
2283,666817836334096384,463,225
2284,666804364988780544,212,81
2285,666786068205871104,683,431
2286,666781792255496192,348,172
2287,666776908487630848,314,152
2288,666739327293083650,213,60
2289,666701168228331520,388,193
2290,666691418707132416,168,44
2291,666649482315059201,1017,558
2292,666644823164719104,215,73
2293,666454714377183233,463,190
2294,666447344410484738,94,19
2295,666437273139982337,110,42
2296,666435652385423360,145,44
2297,666430724426358785,287,172
2298,666428276349472768,146,70
2299,666421158376562688,288,95
2300,666418789513326592,110,39
2301,666411507551481857,390,282
2302,666407126856765440,98,30
2303,666396247373291520,151,72
2304,666373753744588802,167,75
2305,666362758909284353,685,490
2306,666353288456101888,190,63
2307,666345417576210432,262,128
2308,666337882303524864,173,80
2309,666293911632134144,448,304
2310,666287406224695296,131,57
2311,666273097616637952,156,69
2312,666268910803644416,92,32
2313,666104133288665088,13065,5703
2314,666102155909144576,69,11
2315,666099513787052032,139,56
2316,666094000022159362,152,65
2317,666082916733198337,100,41
2318,666073100786774016,278,138
2319,666071193221509120,134,52
2320,666063827256086533,427,186
2321,666058600524156928,103,49
2322,666057090499244032,262,116
2323,666055525042405380,392,208
2324,666051853826850816,1078,737
2325,666050758794694657,119,51
2326,666049248165822465,92,38
2327,666044226329800704,258,121
2328,666033412701032449,105,39
2329,666029285002620928,117,41
2330,666020888022790149,2338,442
